FeatureName, FeatureIndex
slope, 0
litho_1, 1
litho_2, 2
litho_3, 3
litho_4, 4
litho_5, 5
litho_6, 6
litho_7, 7
litho_8, 8
litho_9, 9
litho_10, 10
litho_11, 11
litho_12, 12
litho_13, 13
litho_14, 14
litho_15, 15
litho_16, 16
litho_17, 17
litho_18, 18
litho_19, 19
litho_20, 20
litho_21, 21
litho_22, 22
litho_23, 23
litho_24, 24
litho_25, 25
litho_26, 26
litho_27, 27
litho_28, 28
litho_29, 29
litho_30, 30
litho_31, 31
litho_32, 32
litho_33, 33
litho_34, 34
litho_35, 35
litho_36, 36
litho_37, 37
litho_38, 38
litho_39, 39
litho_40, 40
litho_41, 41
litho_42, 42
litho_43, 43
litho_44, 44
lc_1, 45
lc_2, 46
lc_3, 47
lc_4, 48
lc_5, 49
family_1, 50
family_2, 51
family_3, 52
family_4, 53
family_5, 54
age_1, 55
age_2, 56
age_3, 57
age_4, 58
age_5, 59
age_6, 60
age_7, 61
age_8, 62
age_9, 63
age_10, 64
age_11, 65
age_12, 66
age_13, 67
age_14, 68
age_15, 69
age_16, 70
age_17, 71
age_18, 72
age_19, 73
age_20, 74
age_21, 75
age_22, 76
age_23, 77
age_24, 78
age_25, 79
age_26, 80
age_27, 81
age_28, 82
age_29, 83
age_30, 84
age_31, 85
age_32, 86
age_33, 87
age_34, 88
age_35, 89
age_36, 90
age_37, 91
age_38, 92
DEM, 93